"No.","Time","Source","Destination","Protocol","Length","Info"
"1","0.000000","142.164.6.70","131.243.1.10","TCP","62","1313  >  21 [SYN] Seq=1734984547 Win=8760 Len=0 MSS=1460 SACK_PERM=1"
"2","0.000718","131.243.1.10","142.164.6.70","TCP","58","21  >  1313 [SYN, ACK] Seq=1166102836 Ack=1734984548 Win=17520 Len=0 MSS=1460"
"3","2.962409","142.164.6.70","131.243.1.10","TCP","62"," 1313  >  21 [SYN] Seq=1734984547 Win=8760 Len=0 MSS=1460 SACK_PERM=1"
"4","3.000339","131.243.1.10","142.164.6.70","TCP","58"," 21  >  1313 [SYN, ACK] Seq=1166102836 Ack=1734984548 Win=17520 Len=0 MSS=1460"
"5","4.695735","142.164.6.70","131.243.1.10","TCP","54","1313  >  21 [ACK] Seq=1734984548 Ack=1166102837 Win=8760 Len=0"
"6","4.705352","131.243.1.10","142.164.6.70","FTP","60","Response: 220-"
"7","4.705687","131.243.1.10","142.164.6.70","FTP","75","Response:  \\t\\t\\tNOTICE TO USERS"
"8","4.705789","131.243.1.10","142.164.6.70","FTP","57","Response:  "
"9","4.706837","131.243.1.10","142.164.6.70","FTP","123","Response:      This computer is a Federal computer system and is the property"
"10","4.707916","131.243.1.10","142.164.6.70","FTP","124","Response:      of the United States Government. It is for authorized use only."
"11","4.708861","131.243.1.10","142.164.6.70","FTP","124","Response:      Users (authorized or unauthorized) have no explicit or implicit"
"12","4.709307","131.243.1.10","142.164.6.70","FTP","84","Response:      expectation of privacy."
"13","4.709409","131.243.1.10","142.164.6.70","FTP","57","Response:  "
"14","4.710420","131.243.1.10","142.164.6.70","FTP","120","Response:      Any or all uses of this system and all files on this system"
"15","4.711346","131.243.1.10","142.164.6.70","FTP","118","Response:      may be intercepted, monitored, recorded, copied, audited,"
"16","4.712252","131.243.1.10","142.164.6.70","FTP","119","Response:      inspected, and disclosed to authorized site, Department of"
"17","4.713223","131.243.1.10","142.164.6.70","FTP","124","Response:      Energy, and law enforcement personnel, as well as to authorized"
"18","4.714146","131.243.1.10","142.164.6.70","FTP","119","Response:      officials of other agencies, both domestic and foreign. By"
"19","4.715059","131.243.1.10","142.164.6.70","FTP","119","Response:      using this system, the user consents to such interception,"
"20","4.715945","131.243.1.10","142.164.6.70","FTP","118","Response:      monitoring, recording, copying, auditing, inspection, and"
"21","4.716912","131.243.1.10","142.164.6.70","FTP","122","Response:      disclosure at the discretion of authorized site or Department"
"22","4.717348","131.243.1.10","142.164.6.70","FTP","81","Response:      of Energy personnel."
"23","4.717419","131.243.1.10","142.164.6.70","FTP","57","Response:  "
"24","4.718337","131.243.1.10","142.164.6.70","FTP","118","Response:      Unauthorized or improper use of this system may result in"
"25","4.719222","131.243.1.10","142.164.6.70","FTP","118","Response:      administrative disciplinary action and civil and criminal"
"26","4.720198","131.243.1.10","142.164.6.70","FTP","123","Response:      penalties. By continuing to use this system, you indicate your"
"27","4.721375","131.243.1.10","142.164.6.70","FTP","123","Response:      awareness of and consent to these terms and conditions of use."
"28","4.722363","131.243.1.10","142.164.6.70","FTP","125","Response:      LOG OFF IMMEDIATELY if you do not agree to the conditions stated"
"29","4.722723","131.243.1.10","142.164.6.70","FTP","77","Response:      in this warning."
"30","4.722809","131.243.1.10","142.164.6.70","FTP","57","Response:  "
"31","4.723243","131.243.1.10","142.164.6.70","FTP","92","Response:      Your ip address is 142.164.6.70"
"32","4.723639","131.243.1.10","142.164.6.70","FTP","103","Response:      The local time is Sat Jan 11 01:30:29 2003"
"33","4.723741","131.243.1.10","142.164.6.70","FTP","57","Response:  "
"34","4.724036","131.243.1.10","142.164.6.70","FTP","86","Response: 220 <domain> FTP server ready."
"35","7.205578","142.164.6.70","131.243.1.10","TCP","54","1313  >  21 [ACK] Seq=1734984548 Ack=1166104151 Win=8760 Len=0"
"36","13.139231","142.164.6.70","131.243.1.10","FTP","70","Request: USER anonymous"
"37","13.139833","131.243.1.10","142.164.6.70","TCP","54","21  >  1313 [ACK] Seq=1166104151 Ack=1734984564 Win=17504 Len=0"
"38","13.144517","131.243.1.10","142.164.6.70","FTP","130","Response: 331 Anonymous login ok, send your complete email address as your password."
"39","13.620653","142.164.6.70","131.243.1.10","TCP","54","1313  >  21 [ACK] Seq=1734984564 Ack=1166104227 Win=7443 Len=0"
"40","18.715462","142.164.6.70","131.243.1.10","FTP","71","Request: PASS <password>"
"41","18.715884","131.243.1.10","142.164.6.70","TCP","54","21  >  1313 [ACK] Seq=1166104227 Ack=1734984581 Win=17506 Len=0"
"42","18.725017","131.243.1.10","142.164.6.70","FTP","105","Response: 230 Anonymous access granted, restrictions apply."
"43","22.311294","142.164.6.70","131.243.1.10","FTP","68","Request: OPTS utf8 on"
"44","22.311642","131.243.1.10","142.164.6.70","TCP","54","21  >  1313 [ACK] Seq=1166104278 Ack=1734984595 Win=17506 Len=0"
"45","22.312059","131.243.1.10","142.164.6.70","FTP","80","Response: 500 OPTS not understood."
"46","27.371432","142.164.6.70","131.243.1.10","FTP","60","Request: SYST"
"47","27.371965","131.243.1.10","142.164.6.70","TCP","54","21  >  1313 [ACK] Seq=1166104304 Ack=1734984601 Win=17514 Len=0"
"48","27.373402","131.243.1.10","142.164.6.70","FTP","73","Response: 215 UNIX Type: L8"
"49","27.408515","142.164.6.70","131.243.1.10","TCP","54","1313  >  21 [ACK] Seq=1734984601 Ack=1166104323 Win=8760 Len=0"
"50","31.972057","142.164.6.70","131.243.1.10","FTP","71","Request: SITE U6a1fb5bbU"
"51","31.972448","131.243.1.10","142.164.6.70","TCP","54","21  >  1313 [ACK] Seq=1166104323 Ack=1734984618 Win=17509 Len=0"
"52","31.973727","131.243.1.10","142.164.6.70","FTP","126","Response: 214-The following SITE commands are recognized (* =>'s unimplemented)."
"53","31.973777","131.243.1.10","142.164.6.70","FTP","73","Response:  HELP    CHMOD   "
"54","31.973942","131.243.1.10","142.164.6.70","FTP","83","Response: 214 Direct comments to ftp."
"55","31.998236","142.164.6.70","131.243.1.10","TCP","54","1313  >  21 [ACK] Seq=1734984618 Ack=1166104443 Win=8741 Len=0"
"56","36.144765","142.164.6.70","131.243.1.10","FTP","59","Request: PWD"
"57","36.145125","131.243.1.10","142.164.6.70","TCP","54","21  >  1313 [ACK] Seq=1166104443 Ack=1734984623 Win=17515 Len=0"
"58","36.146562","131.243.1.10","142.164.6.70","FTP","85","Response: 257 ""/"" is current directory."
"59","39.171420","142.164.6.70","131.243.1.10","TCP","54","1313  >  21 [ACK] Seq=1734984623 Ack=1166104474 Win=8590 Len=0"
"60","40.901746","142.164.6.70","131.243.1.10","FTP","60","Request: NOOP"
"61","40.902148","131.243.1.10","142.164.6.70","TCP","54","21  >  1313 [ACK] Seq=1166104474 Ack=1734984629 Win=17514 Len=0"
"62","40.903460","131.243.1.10","142.164.6.70","FTP","84","Response: 200 NOOP command successful."
"63","45.447171","142.164.6.70","131.243.1.10","TCP","54","1313  >  21 [ACK] Seq=1734984629 Ack=1166104504 Win=8560 Len=0"
"64","45.923166","142.164.6.70","131.243.1.10","FTP","61","Request: CWD /"
"65","45.923730","131.243.1.10","142.164.6.70","TCP","54","21  >  1313 [ACK] Seq=1166104504 Ack=1734984636 Win=17513 Len=0"
"66","45.925519","131.243.1.10","142.164.6.70","FTP","83","Response: 250 CWD command successful."
"67","51.402092","142.164.6.70","131.243.1.10","FTP","62","Request: TYPE A"
"68","51.402425","131.243.1.10","142.164.6.70","TCP","54","21  >  1313 [ACK] Seq=1166104533 Ack=1734984644 Win=17512 Len=0"
"69","51.403882","131.243.1.10","142.164.6.70","FTP","74","Response: 200 Type set to A."
"70","55.999861","142.164.6.70","131.243.1.10","FTP","78","Request: PORT 142,164,6,70,5,35"
"71","56.000259","131.243.1.10","142.164.6.70","TCP","54","21  >  1313 [ACK] Seq=1166104553 Ack=1734984668 Win=17495 Len=0"
"72","56.001554","131.243.1.10","142.164.6.70","FTP","84","Response: 200 PORT command successful."
"73","60.056272","142.164.6.70","131.243.1.10","FTP","60","Request: LIST"
"74","60.056711","131.243.1.10","142.164.6.70","TCP","54","21  >  1313 [ACK] Seq=1166104583 Ack=1734984674 Win=17514 Len=0"
"75","64.109266","131.243.1.10","142.164.6.70","FTP","109","Response: 150 Opening ASCII mode data connection for file list."
"76","64.189791","131.243.1.10","142.164.6.70","FTP","78","Response: 226 Transfer complete."
"77","67.855524","142.164.6.70","131.243.1.10","TCP","54","1313  >  21 [ACK] Seq=1734984674 Ack=1166104662 Win=8426 Len=0"
"78","88.957364","142.164.6.70","131.243.1.10","FTP","59","Request: PWD"
"79","88.957681","131.243.1.10","142.164.6.70","TCP","54","21  >  1313 [ACK] Seq=1166104662 Ack=1734984679 Win=17515 Len=0"
"80","88.959323","131.243.1.10","142.164.6.70","FTP","85","Response: 257 ""/"" is current directory."
"81","93.706433","142.164.6.70","131.243.1.10","FTP","71","Request: CWD acld.tar.gz"
"82","93.706825","131.243.1.10","142.164.6.70","TCP","54","21  >  1313 [ACK] Seq=1166104693 Ack=1734984696 Win=17503 Len=0"
"83","93.708669","131.243.1.10","142.164.6.70","FTP","88","Response: 550 acld.tar.gz: Not a directory"
"84","98.668446","142.164.6.70","131.243.1.10","FTP","75","Request: CWD arpwatch.tar.gz"
"85","98.669140","131.243.1.10","142.164.6.70","TCP","54","21  >  1313 [ACK] Seq=1166104727 Ack=1734984717 Win=17499 Len=0"
"86","98.671042","131.243.1.10","142.164.6.70","FTP","92","Response: 550 arpwatch.tar.gz: Not a directory"
"87","98.690348","142.164.6.70","131.243.1.10","TCP","54","1313  >  21 [ACK] Seq=1734984717 Ack=1166104765 Win=8337 Len=0"
"88","101.746456","142.164.6.70","131.243.1.10","FTP","75","Request: CWD bootbootp.tar.Z"
"89","101.746833","131.243.1.10","142.164.6.70","TCP","54","21  >  1313 [ACK] Seq=1166104765 Ack=1734984738 Win=17499 Len=0"
"90","101.748627","131.243.1.10","142.164.6.70","FTP","92","Response: 550 bootbootp.tar.Z: Not a directory"
"91","105.078090","73.6.91.115","131.243.2.12","TCP","62","2027  >  21 [SYN] Seq=4190971401 Win=16384 Len=0 MSS=1460 SACK_PERM=1"
"92","105.078378","131.243.2.12","73.6.91.115","TCP","62","21  >  2027 [SYN, ACK] Seq=364762561 Ack=4190971402 Win=64240 Len=0 SACK_PERM=1 MSS=1460"
"93","105.259752","73.6.91.115","131.243.2.12","TCP","54","2027  >  21 [ACK] Seq=4190971402 Ack=364762562 Win=17520 Len=0"
"94","105.292565","131.243.2.12","73.6.91.115","FTP","137","Response: 220 <domain> FTP server (Version wu-2.6.2(1) Fri Nov 30 16:58:35 PST 2001) ready."
"95","105.474010","73.6.91.115","131.243.2.12","FTP","70","Request: USER anonymous"
"96","105.474218","131.243.2.12","73.6.91.115","TCP","54","21  >  2027 [ACK] Seq=364762645 Ack=4190971418 Win=64240 Len=0"
"97","105.476856","131.243.2.12","73.6.91.115","FTP","122","Response: 331 Guest login ok, send your complete e-mail address as password."
"98","105.672152","73.6.91.115","131.243.2.12","FTP","71","Request: PASS <password>"
"99","105.675783","131.243.2.12","73.6.91.115","FTP","120","Response: 230-The Lawrence Berkeley National Laboratory is operated by the"
"100","106.014013","73.6.91.115","131.243.2.12","TCP","54","2027  >  21 [ACK] Seq=4190971435 Ack=364762779 Win=17297 Len=0"
"101","106.014472","131.243.2.12","73.6.91.115","FTP","1495","Response: 230-University of California for the United States Department of"
"102","106.212236","73.6.91.115","131.243.2.12","FTP","60","Request: STAT"
"103","106.212519","131.243.2.12","73.6.91.115","FTP","87","Response: 211-<domain> FTP server status:"
"104","106.536395","73.6.91.115","131.243.2.12","TCP","54","2027  >  21 [ACK] Seq=4190971441 Ack=364764253 Win=17481 Len=0"
"105","106.536648","131.243.2.12","73.6.91.115","FTP","545","Response:      Version wu-2.6.2(1) Fri Nov 30 16:58:35 PST 2001"
"106","106.886185","73.6.91.115","131.243.2.12","FTP","80","Request: PORT 73,6,91,115,150,106"
"107","106.886485","131.243.2.12","73.6.91.115","FTP","84","Response: 200 PORT command successful."
"108","107.270212","73.6.91.115","131.243.2.12","TCP","54","2027  >  21 [ACK] Seq=4190971467 Ack=364764774 Win=16942 Len=0"
"109","107.333480","142.164.6.70","131.243.1.10","FTP","69","Request: CWD bpf.tar.Z"
"110","107.334099","131.243.1.10","142.164.6.70","TCP","54","21  >  1313 [ACK] Seq=1166104803 Ack=1734984753 Win=17505 Len=0"
"111","107.335947","131.243.1.10","142.164.6.70","FTP","86","Response: 550 bpf.tar.Z: Not a directory"
"112","107.365193","142.164.6.70","131.243.1.10","TCP","54","1313  >  21 [ACK] Seq=1734984753 Ack=1166104835 Win=8261 Len=0"
"113","108.282884","73.6.91.115","131.243.2.12","FTP","80","Request: PORT 73,6,91,115,150,106"
"114","108.283201","131.243.2.12","73.6.91.115","FTP","84","Response: 200 PORT command successful."
"115","108.635965","73.6.91.115","131.243.2.12","TCP","54","2027  >  21 [ACK] Seq=4190971493 Ack=364764804 Win=16912 Len=0"
"116","109.611012","73.6.91.115","131.243.2.12","FTP","80","Request: PORT 73,6,91,115,150,106"
"117","109.611330","131.243.2.12","73.6.91.115","FTP","84","Response: 200 PORT command successful."
"118","109.981458","73.6.91.115","131.243.2.12","TCP","54","2027  >  21 [ACK] Seq=4190971519 Ack=364764834 Win=16882 Len=0"
"119","110.953276","73.6.91.115","131.243.2.12","FTP","80","Request: PORT 73,6,91,115,150,106"
"120","110.953620","131.243.2.12","73.6.91.115","FTP","84","Response: 200 PORT command successful."
"121","111.356304","73.6.91.115","131.243.2.12","TCP","54","2027  >  21 [ACK] Seq=4190971545 Ack=364764864 Win=16852 Len=0"
"122","111.479952","142.164.6.70","131.243.1.10","FTP","85","Request: CWD bro-pub-0.7-stable.tar.gz"
"123","111.480459","131.243.1.10","142.164.6.70","TCP","54","21  >  1313 [ACK] Seq=1166104835 Ack=1734984784 Win=17489 Len=0"
"124","111.482322","131.243.1.10","142.164.6.70","FTP","102","Response: 550 bro-pub-0.7-stable.tar.gz: Not a directory"
"125","112.345317","73.6.91.115","131.243.2.12","FTP","80","Request: PORT 73,6,91,115,150,106"
"126","112.345622","131.243.2.12","73.6.91.115","FTP","84","Response: 200 PORT command successful."
"127","112.687865","73.6.91.115","131.243.2.12","TCP","54","2027  >  21 [ACK] Seq=4190971571 Ack=364764894 Win=16822 Len=0"
"128","113.710598","73.6.91.115","131.243.2.12","FTP","80","Request: PORT 73,6,91,115,150,106"
"129","113.710923","131.243.2.12","73.6.91.115","FTP","84","Response: 200 PORT command successful."
"130","114.011850","73.6.91.115","131.243.2.12","TCP","54","2027  >  21 [ACK] Seq=4190971597 Ack=364764924 Win=16792 Len=0"
"131","115.072022","73.6.91.115","131.243.2.12","FTP","80","Request: PORT 73,6,91,115,150,106"
"132","115.072326","131.243.2.12","73.6.91.115","FTP","84","Response: 200 PORT command successful."
"133","115.466518","73.6.91.115","131.243.2.12","TCP","54","2027  >  21 [ACK] Seq=4190971623 Ack=364764954 Win=16762 Len=0"
"134","116.400365","73.6.91.115","131.243.2.12","FTP","80","Request: PORT 73,6,91,115,150,106"
"135","116.400698","131.243.2.12","73.6.91.115","FTP","84","Response: 200 PORT command successful."
"136","116.605859","142.164.6.70","131.243.1.10","FTP","86","Request: CWD bro-pub-0.8-current.tar.gz"
"137","116.606319","131.243.1.10","142.164.6.70","TCP","54","21  >  1313 [ACK] Seq=1166104883 Ack=1734984816 Win=17488 Len=0"
"138","116.608038","131.243.1.10","142.164.6.70","FTP","103","Response: 550 bro-pub-0.8-current.tar.gz: Not a directory"
"139","116.715686","73.6.91.115","131.243.2.12","TCP","54","2027  >  21 [ACK] Seq=4190971649 Ack=364764984 Win=16732 Len=0"
"140","117.765996","73.6.91.115","131.243.2.12","FTP","80","Request: PORT 73,6,91,115,150,106"
"141","117.766317","131.243.2.12","73.6.91.115","FTP","84","Response: 200 PORT command successful."
"142","118.169827","73.6.91.115","131.243.2.12","TCP","54","2027  >  21 [ACK] Seq=4190971675 Ack=364765014 Win=16702 Len=0"
"143","119.120152","73.6.91.115","131.243.2.12","FTP","80","Request: PORT 73,6,91,115,150,106"
"144","119.120462","131.243.2.12","73.6.91.115","FTP","84","Response: 200 PORT command successful."
"145","119.456674","73.6.91.115","131.243.2.12","TCP","54","2027  >  21 [ACK] Seq=4190971701 Ack=364765044 Win=16672 Len=0"
"146","120.449833","73.6.91.115","131.243.2.12","FTP","80","Request: PORT 73,6,91,115,150,106"
"147","120.450194","131.243.2.12","73.6.91.115","FTP","84","Response: 200 PORT command successful."
"148","120.808329","73.6.91.115","131.243.2.12","TCP","54","2027  >  21 [ACK] Seq=4190971727 Ack=364765074 Win=16642 Len=0"
"149","121.870263","73.6.91.115","131.243.2.12","FTP","80","Request: PORT 73,6,91,115,150,106"
"150","121.870607","131.243.2.12","73.6.91.115","FTP","84","Response: 200 PORT command successful."
"151","122.142718","142.164.6.70","131.243.1.10","FTP","69","Request: CWD cbq.tar.Z"
"152","122.143093","131.243.1.10","142.164.6.70","TCP","54","21  >  1313 [ACK] Seq=1166104932 Ack=1734984831 Win=17505 Len=0"
"153","122.144798","131.243.1.10","142.164.6.70","FTP","86","Response: 550 cbq.tar.Z: Not a directory"
"154","122.174343","142.164.6.70","131.243.1.10","TCP","54","1313  >  21 [ACK] Seq=1734984831 Ack=1166104964 Win=8132 Len=0"
"155","122.258477","73.6.91.115","131.243.2.12","TCP","54","2027  >  21 [ACK] Seq=4190971753 Ack=364765104 Win=16612 Len=0"
"156","123.239739","73.6.91.115","131.243.2.12","FTP","80","Request: PORT 73,6,91,115,150,106"
"157","123.240084","131.243.2.12","73.6.91.115","FTP","84","Response: 200 PORT command successful."
"158","123.615243","73.6.91.115","131.243.2.12","TCP","54","2027  >  21 [ACK] Seq=4190971779 Ack=364765134 Win=16582 Len=0"
"159","124.639065","73.6.91.115","131.243.2.12","FTP","80","Request: PORT 73,6,91,115,150,106"
"160","124.639328","131.243.2.12","73.6.91.115","FTP","84","Response: 200 PORT command successful."
"161","124.966953","73.6.91.115","131.243.2.12","TCP","54","2027  >  21 [ACK] Seq=4190971805 Ack=364765164 Win=16552 Len=0"
"162","125.992215","73.6.91.115","131.243.2.12","FTP","80","Request: PORT 73,6,91,115,150,106"
"163","125.992517","131.243.2.12","73.6.91.115","FTP","84","Response: 200 PORT command successful."
"164","126.361968","73.6.91.115","131.243.2.12","TCP","54","2027  >  21 [ACK] Seq=4190971831 Ack=364765194 Win=16522 Len=0"
"165","126.750999","142.164.6.70","131.243.1.10","FTP","70","Request: CWD cbq2.tar.Z"
"166","126.751556","131.243.1.10","142.164.6.70","TCP","54","21  >  1313 [ACK] Seq=1166104964 Ack=1734984847 Win=17504 Len=0"
"167","126.753290","131.243.1.10","142.164.6.70","FTP","87","Response: 550 cbq2.tar.Z: Not a directory"
"168","127.347243","73.6.91.115","131.243.2.12","FTP","80","Request: PORT 73,6,91,115,150,106"
"169","127.347560","131.243.2.12","73.6.91.115","FTP","84","Response: 200 PORT command successful."
"170","127.696525","73.6.91.115","131.243.2.12","TCP","54","2027  >  21 [ACK] Seq=4190971857 Ack=364765224 Win=16492 Len=0"
"171","128.719613","73.6.91.115","131.243.2.12","FTP","80","Request: PORT 73,6,91,115,150,106"
"172","128.719908","131.243.2.12","73.6.91.115","FTP","84","Response: 200 PORT command successful."
"173","129.009025","73.6.91.115","131.243.2.12","TCP","54","2027  >  21 [ACK] Seq=4190971883 Ack=364765254 Win=16462 Len=0"
"174","130.055172","73.6.91.115","131.243.2.12","FTP","80","Request: PORT 73,6,91,115,150,106"
"175","130.055591","131.243.2.12","73.6.91.115","FTP","84","Response: 200 PORT command successful."
"176","130.109717","142.164.6.70","131.243.1.10","FTP","84","Request: CWD compressed.slip.rfc.ps.Z"
"177","130.110196","131.243.1.10","142.164.6.70","TCP","54","21  >  1313 [ACK] Seq=1166104997 Ack=1734984877 Win=17490 Len=0"
"178","130.111994","131.243.1.10","142.164.6.70","FTP","101","Response: 550 compressed.slip.rfc.ps.Z: Not a directory"
"179","130.363682","73.6.91.115","131.243.2.12","TCP","54","2027  >  21 [ACK] Seq=4190971909 Ack=364765284 Win=16432 Len=0"
"180","131.413389","73.6.91.115","131.243.2.12","FTP","80","Request: PORT 73,6,91,115,150,106"
"181","131.413771","131.243.2.12","73.6.91.115","FTP","84","Response: 200 PORT command successful."
"182","131.807791","73.6.91.115","131.243.2.12","TCP","54","2027  >  21 [ACK] Seq=4190971935 Ack=364765314 Win=16402 Len=0"
"183","132.788602","73.6.91.115","131.243.2.12","FTP","80","Request: PORT 73,6,91,115,150,106"
"184","132.788949","131.243.2.12","73.6.91.115","FTP","84","Response: 200 PORT command successful."
"185","133.143863","73.6.91.115","131.243.2.12","TCP","54","2027  >  21 [ACK] Seq=4190971961 Ack=364765344 Win=16372 Len=0"
"186","134.178242","73.6.91.115","131.243.2.12","FTP","80","Request: PORT 73,6,91,115,150,106"
"187","134.178518","131.243.2.12","73.6.91.115","FTP","84","Response: 200 PORT command successful."
"188","134.438991","142.164.6.70","131.243.1.10","FTP","71","Request: CWD cslip.tar.Z"
"189","134.439439","131.243.1.10","142.164.6.70","TCP","54","21  >  1313 [ACK] Seq=1166105044 Ack=1734984894 Win=17503 Len=0"
"190","134.441381","131.243.1.10","142.164.6.70","FTP","88","Response: 550 cslip.tar.Z: Not a directory"
"191","134.489138","73.6.91.115","131.243.2.12","TCP","54","2027  >  21 [ACK] Seq=4190971987 Ack=364765374 Win=16342 Len=0"
"192","135.536370","73.6.91.115","131.243.2.12","FTP","80","Request: PORT 73,6,91,115,150,106"
"193","135.536692","131.243.2.12","73.6.91.115","FTP","84","Response: 200 PORT command successful."
"194","135.840753","73.6.91.115","131.243.2.12","TCP","54","2027  >  21 [ACK] Seq=4190972013 Ack=364765404 Win=16312 Len=0"
"195","136.857520","73.6.91.115","131.243.2.12","FTP","80","Request: PORT 73,6,91,115,150,106"
"196","136.857820","131.243.2.12","73.6.91.115","FTP","84","Response: 200 PORT command successful."
"197","137.203185","73.6.91.115","131.243.2.12","TCP","54","2027  >  21 [ACK] Seq=4190972039 Ack=364765434 Win=16282 Len=0"
"198","138.196505","73.6.91.115","131.243.2.12","FTP","80","Request: PORT 73,6,91,115,150,106"
"199","138.196839","131.243.2.12","73.6.91.115","FTP","84","Response: 200 PORT command successful."
"200","138.588455","73.6.91.115","131.243.2.12","TCP","54","2027  >  21 [ACK] Seq=4190972065 Ack=364765464 Win=16252 Len=0"
"201","139.011305","142.164.6.70","131.243.1.10","FTP","76","Request: CWD date_parse.tar.Z"
"202","139.011982","131.243.1.10","142.164.6.70","TCP","54","21  >  1313 [ACK] Seq=1166105078 Ack=1734984916 Win=17498 Len=0"
"203","139.013820","131.243.1.10","142.164.6.70","FTP","93","Response: 550 date_parse.tar.Z: Not a directory"
"204","139.023364","142.164.6.70","131.243.1.10","TCP","54","1313  >  21 [ACK] Seq=1734984916 Ack=1166105117 Win=7986 Len=0"
"205","139.528056","73.6.91.115","131.243.2.12","FTP","80","Request: PORT 73,6,91,115,150,106"
"206","139.528315","131.243.2.12","73.6.91.115","FTP","84","Response: 200 PORT command successful."
"207","139.947230","73.6.91.115","131.243.2.12","TCP","54","2027  >  21 [ACK] Seq=4190972091 Ack=364765494 Win=16222 Len=0"
"208","140.920953","73.6.91.115","131.243.2.12","FTP","80","Request: PORT 73,6,91,115,150,106"
"209","140.921312","131.243.2.12","73.6.91.115","FTP","84","Response: 200 PORT command successful."
"210","141.290262","73.6.91.115","131.243.2.12","TCP","54","2027  >  21 [ACK] Seq=4190972117 Ack=364765524 Win=16192 Len=0"
"211","142.086096","142.164.6.70","131.243.1.10","FTP","81","Request: CWD debugger-support.ps.Z"
"212","142.086502","131.243.1.10","142.164.6.70","TCP","54","21  >  1313 [ACK] Seq=1166105117 Ack=1734984943 Win=17493 Len=0"
"213","142.088347","131.243.1.10","142.164.6.70","FTP","98","Response: 550 debugger-support.ps.Z: Not a directory"
"214","142.120687","142.164.6.70","131.243.1.10","TCP","54","1313  >  21 [ACK] Seq=1734984943 Ack=1166105161 Win=7947 Len=0"
"215","142.282500","73.6.91.115","131.243.2.12","FTP","80","Request: PORT 73,6,91,115,150,106"
"216","142.282833","131.243.2.12","73.6.91.115","FTP","84","Response: 200 PORT command successful."
"217","142.614470","73.6.91.115","131.243.2.12","TCP","54","2027  >  21 [ACK] Seq=4190972143 Ack=364765554 Win=16162 Len=0"
"218","143.647253","73.6.91.115","131.243.2.12","FTP","80","Request: PORT 73,6,91,115,150,106"
"219","143.647519","131.243.2.12","73.6.91.115","FTP","84","Response: 200 PORT command successful."
"220","143.965544","73.6.91.115","131.243.2.12","TCP","54","2027  >  21 [ACK] Seq=4190972169 Ack=364765584 Win=16132 Len=0"
"221","145.326301","73.6.91.115","131.243.2.12","FTP","80","Request: PORT 73,6,91,115,150,106"
"222","145.326616","131.243.2.12","73.6.91.115","FTP","84","Response: 200 PORT command successful."
"223","145.629423","73.6.91.115","131.243.2.12","TCP","54","2027  >  21 [ACK] Seq=4190972195 Ack=364765614 Win=16102 Len=0"
"224","146.761668","142.164.6.70","131.243.1.10","FTP","73","Request: CWD dexpire.tar.Z"
"225","146.762009","131.243.1.10","142.164.6.70","TCP","54","21  >  1313 [ACK] Seq=1166105161 Ack=1734984962 Win=17501 Len=0"
"226","146.763804","131.243.1.10","142.164.6.70","FTP","90","Response: 550 dexpire.tar.Z: Not a directory"
"227","147.343019","73.6.91.115","131.243.2.12","FTP","80","Request: PORT 73,6,91,115,150,106"
"228","147.343320","131.243.2.12","73.6.91.115","FTP","84","Response: 200 PORT command successful."
"229","147.729908","73.6.91.115","131.243.2.12","TCP","54","2027  >  21 [ACK] Seq=4190972221 Ack=364765644 Win=16072 Len=0"
"230","149.384717","73.6.91.115","131.243.2.12","FTP","80","Request: PORT 73,6,91,115,150,106"
"231","149.385042","131.243.2.12","73.6.91.115","FTP","84","Response: 200 PORT command successful."
"232","149.691089","73.6.91.115","131.243.2.12","TCP","54","2027  >  21 [ACK] Seq=4190972247 Ack=364765674 Win=17520 Len=0"
"233","150.874397","142.164.6.70","131.243.1.10","FTP","69","Request: CWD hf.tar.gz"
"234","150.874955","131.243.1.10","142.164.6.70","TCP","54","21  >  1313 [ACK] Seq=1166105197 Ack=1734984977 Win=17505 Len=0"
"235","150.876685","131.243.1.10","142.164.6.70","FTP","86","Response: 550 hf.tar.gz: Not a directory"
"236","151.383920","73.6.91.115","131.243.2.12","FTP","80","Request: PORT 73,6,91,115,150,106"
"237","151.384257","131.243.2.12","73.6.91.115","FTP","84","Response: 200 PORT command successful."
"238","151.672564","73.6.91.115","131.243.2.12","TCP","54","2027  >  21 [ACK] Seq=4190972273 Ack=364765704 Win=17490 Len=0"
"239","153.420850","73.6.91.115","131.243.2.12","FTP","80","Request: PORT 73,6,91,115,150,106"
"240","153.421214","131.243.2.12","73.6.91.115","FTP","84","Response: 200 PORT command successful."
"241","153.729402","73.6.91.115","131.243.2.12","TCP","54","2027  >  21 [ACK] Seq=4190972299 Ack=364765734 Win=17460 Len=0"
"242","154.341613","142.164.6.70","131.243.1.10","FTP","76","Request: CWD kgdbtunnel.tar.Z"
"243","154.342205","131.243.1.10","142.164.6.70","TCP","54","21  >  1313 [ACK] Seq=1166105229 Ack=1734984999 Win=17498 Len=0"
"244","154.343981","131.243.1.10","142.164.6.70","FTP","93","Response: 550 kgdbtunnel.tar.Z: Not a directory"
"245","154.358938","142.164.6.70","131.243.1.10","TCP","54","1313  >  21 [ACK] Seq=1734984999 Ack=1166105268 Win=7835 Len=0"
"246","155.518037","73.6.91.115","131.243.2.12","FTP","80","Request: PORT 73,6,91,115,150,106"
"247","155.518378","131.243.2.12","73.6.91.115","FTP","84","Response: 200 PORT command successful."
"248","155.857728","73.6.91.115","131.243.2.12","TCP","54","2027  >  21 [ACK] Seq=4190972325 Ack=364765764 Win=17430 Len=0"
"249","157.572977","73.6.91.115","131.243.2.12","FTP","80","Request: PORT 73,6,91,115,150,106"
"250","157.573341","131.243.2.12","73.6.91.115","FTP","84","Response: 200 PORT command successful."
"251","157.888305","73.6.91.115","131.243.2.12","TCP","54","2027  >  21 [ACK] Seq=4190972351 Ack=364765794 Win=17400 Len=0"
"252","159.496885","142.164.6.70","131.243.1.10","FTP","73","Request: CWD libpcap.tar.Z"
"253","159.497491","131.243.1.10","142.164.6.70","TCP","54","21  >  1313 [ACK] Seq=1166105268 Ack=1734985018 Win=17501 Len=0"
"254","159.499434","131.243.1.10","142.164.6.70","FTP","90","Response: 550 libpcap.tar.Z: Not a directory"
"255","159.514911","142.164.6.70","131.243.1.10","TCP","54","1313  >  21 [ACK] Seq=1734985018 Ack=1166105304 Win=7796 Len=0"
"256","159.588872","73.6.91.115","131.243.2.12","FTP","80","Request: PORT 73,6,91,115,150,106"
"257","159.589171","131.243.2.12","73.6.91.115","FTP","84","Response: 200 PORT command successful."
"258","159.982146","73.6.91.115","131.243.2.12","TCP","54","2027  >  21 [ACK] Seq=4190972377 Ack=364765824 Win=17370 Len=0"
"259","161.609495","73.6.91.115","131.243.2.12","FTP","80","Request: PORT 73,6,91,115,150,106"
"260","161.609888","131.243.2.12","73.6.91.115","FTP","84","Response: 200 PORT command successful."
"261","161.922755","73.6.91.115","131.243.2.12","TCP","54","2027  >  21 [ACK] Seq=4190972403 Ack=364765854 Win=17340 Len=0"
"262","163.643790","73.6.91.115","131.243.2.12","FTP","80","Request: PORT 73,6,91,115,150,106"
"263","163.644139","131.243.2.12","73.6.91.115","FTP","84","Response: 200 PORT command successful."
"264","163.980074","73.6.91.115","131.243.2.12","TCP","54","2027  >  21 [ACK] Seq=4190972429 Ack=364765884 Win=17310 Len=0"
"265","164.657705","142.164.6.70","131.243.1.10","FTP","73","Request: CWD libsmpw.tar.Z"
"266","164.658299","131.243.1.10","142.164.6.70","TCP","54","21  >  1313 [ACK] Seq=1166105304 Ack=1734985037 Win=17501 Len=0"
"267","164.660030","131.243.1.10","142.164.6.70","FTP","90","Response: 550 libsmpw.tar.Z: Not a directory"
"268","165.662548","73.6.91.115","131.243.2.12","FTP","80","Request: PORT 73,6,91,115,150,106"
"269","165.662954","131.243.2.12","73.6.91.115","FTP","84","Response: 200 PORT command successful."
"270","166.028471","73.6.91.115","131.243.2.12","TCP","54","2027  >  21 [ACK] Seq=4190972455 Ack=364765914 Win=17280 Len=0"
"271","167.728062","73.6.91.115","131.243.2.12","FTP","80","Request: PORT 73,6,91,115,150,106"
"272","167.728400","131.243.2.12","73.6.91.115","FTP","84","Response: 200 PORT command successful."
"273","168.025014","73.6.91.115","131.243.2.12","TCP","54","2027  >  21 [ACK] Seq=4190972481 Ack=364765944 Win=17250 Len=0"
"274","168.188001","142.164.6.70","131.243.1.10","TCP","54","1313  >  21 [ACK] Seq=1734985037 Ack=1166105340 Win=7724 Len=0"
"275","168.191459","142.164.6.70","131.243.1.10","FTP","69","Request: CWD ns.tar.gz"
"276","168.191870","131.243.1.10","142.164.6.70","TCP","54","21  >  1313 [ACK] Seq=1166105340 Ack=1734985052 Win=17505 Len=0"
"277","168.193843","131.243.1.10","142.164.6.70","FTP","86","Response: 550 ns.tar.gz: Not a directory"
"278","169.736376","73.6.91.115","131.243.2.12","FTP","80","Request: PORT 73,6,91,115,150,106"
"279","169.736662","131.243.2.12","73.6.91.115","FTP","84","Response: 200 PORT command successful."
"280","170.097049","73.6.91.115","131.243.2.12","TCP","54","2027  >  21 [ACK] Seq=4190972507 Ack=364765974 Win=17220 Len=0"
"281","171.733348","73.6.91.115","131.243.2.12","FTP","80","Request: PORT 73,6,91,115,150,106"
"282","171.733710","131.243.2.12","73.6.91.115","FTP","84","Response: 200 PORT command successful."
"283","172.088767","73.6.91.115","131.243.2.12","TCP","54","2027  >  21 [ACK] Seq=4190972533 Ack=364766004 Win=17190 Len=0"
"284","172.817751","142.164.6.70","131.243.1.10","FTP","73","Request: CWD nslint.tar.gz"
"285","172.818329","131.243.1.10","142.164.6.70","TCP","54","21  >  1313 [ACK] Seq=1166105372 Ack=1734985071 Win=17501 Len=0"
"286","172.820050","131.243.1.10","142.164.6.70","FTP","90","Response: 550 nslint.tar.gz: Not a directory"
"287","173.806431","73.6.91.115","131.243.2.12","FTP","80","Request: PORT 73,6,91,115,150,106"
"288","173.806734","131.243.2.12","73.6.91.115","FTP","84","Response: 200 PORT command successful."
"289","174.141853","73.6.91.115","131.243.2.12","TCP","54","2027  >  21 [ACK] Seq=4190972559 Ack=364766034 Win=17160 Len=0"
"290","175.839051","73.6.91.115","131.243.2.12","FTP","80","Request: PORT 73,6,91,115,150,106"
"291","175.839359","131.243.2.12","73.6.91.115","FTP","84","Response: 200 PORT command successful."
"292","176.145047","73.6.91.115","131.243.2.12","TCP","54","2027  >  21 [ACK] Seq=4190972585 Ack=364766064 Win=17130 Len=0"
"293","177.929393","73.6.91.115","131.243.2.12","FTP","80","Request: PORT 73,6,91,115,150,106"
"294","177.929690","131.243.2.12","73.6.91.115","FTP","84","Response: 200 PORT command successful."
"295","178.280802","73.6.91.115","131.243.2.12","TCP","54","2027  >  21 [ACK] Seq=4190972611 Ack=364766094 Win=17100 Len=0"
"296","178.402522","142.164.6.70","131.243.1.10","FTP","74","Request: CWD pcapture.tar.Z"
"297","178.402884","131.243.1.10","142.164.6.70","TCP","54","21  >  1313 [ACK] Seq=1166105408 Ack=1734985091 Win=17500 Len=0"
"298","178.404713","131.243.1.10","142.164.6.70","FTP","91","Response: 550 pcapture.tar.Z: Not a directory"
"299","179.909307","73.6.91.115","131.243.2.12","FTP","80","Request: PORT 73,6,91,115,150,106"
"300","179.909616","131.243.2.12","73.6.91.115","FTP","84","Response: 200 PORT command successful."
"301","180.258317","73.6.91.115","131.243.2.12","TCP","54","2027  >  21 [ACK] Seq=4190972637 Ack=364766124 Win=17070 Len=0"
"302","181.932054","73.6.91.115","131.243.2.12","FTP","80","Request: PORT 73,6,91,115,150,106"
"303","181.932407","131.243.2.12","73.6.91.115","FTP","84","Response: 200 PORT command successful."
"304","182.243441","73.6.91.115","131.243.2.12","TCP","54","2027  >  21 [ACK] Seq=4190972663 Ack=364766154 Win=17040 Len=0"
"305","183.001300","142.164.6.70","131.243.1.10","FTP","74","Request: CWD ppsclock.tar.Z"
"306","183.001718","131.243.1.10","142.164.6.70","TCP","54","21  >  1313 [ACK] Seq=1166105445 Ack=1734985111 Win=17500 Len=0"
"307","183.003540","131.243.1.10","142.164.6.70","FTP","91","Response: 550 ppsclock.tar.Z: Not a directory"
"308","183.985329","73.6.91.115","131.243.2.12","FTP","80","Request: PORT 73,6,91,115,150,106"
"309","183.985628","131.243.2.12","73.6.91.115","FTP","84","Response: 200 PORT command successful."
"310","184.382122","73.6.91.115","131.243.2.12","TCP","54","2027  >  21 [ACK] Seq=4190972689 Ack=364766184 Win=17010 Len=0"
"311","185.993442","73.6.91.115","131.243.2.12","FTP","80","Request: PORT 73,6,91,115,150,106"
"312","185.993750","131.243.2.12","73.6.91.115","FTP","84","Response: 200 PORT command successful."
"313","186.077500","142.164.6.70","131.243.1.10","FTP","80","Request: CWD raster-pixrect.tar.Z"
"314","186.078064","131.243.1.10","142.164.6.70","TCP","54","21  >  1313 [ACK] Seq=1166105482 Ack=1734985137 Win=17494 Len=0"
"315","186.079748","131.243.1.10","142.164.6.70","FTP","97","Response: 550 raster-pixrect.tar.Z: Not a directory"
"316","186.100892","142.164.6.70","131.243.1.10","TCP","54","1313  >  21 [ACK] Seq=1734985137 Ack=1166105525 Win=7582 Len=0"
"317","186.327187","73.6.91.115","131.243.2.12","TCP","54","2027  >  21 [ACK] Seq=4190972715 Ack=364766214 Win=16980 Len=0"
"318","188.059898","73.6.91.115","131.243.2.12","FTP","80","Request: PORT 73,6,91,115,150,106"
"319","188.060249","131.243.2.12","73.6.91.115","FTP","84","Response: 200 PORT command successful."
"320","188.355773","73.6.91.115","131.243.2.12","TCP","54","2027  >  21 [ACK] Seq=4190972741 Ack=364766244 Win=16950 Len=0"
"321","190.085401","73.6.91.115","131.243.2.12","FTP","80","Request: PORT 73,6,91,115,150,106"
"322","190.085777","131.243.2.12","73.6.91.115","FTP","84","Response: 200 PORT command successful."
"323","190.401513","73.6.91.115","131.243.2.12","TCP","54","2027  >  21 [ACK] Seq=4190972767 Ack=364766274 Win=16920 Len=0"
"324","190.952990","142.164.6.70","131.243.1.10","FTP","77","Request: CWD screenblank.tar.Z"
"325","190.953315","131.243.1.10","142.164.6.70","TCP","54","21  >  1313 [ACK] Seq=1166105525 Ack=1734985160 Win=17497 Len=0"
"326","190.955064","131.243.1.10","142.164.6.70","FTP","94","Response: 550 screenblank.tar.Z: Not a directory"
"327","190.985595","142.164.6.70","131.243.1.10","TCP","54","1313  >  21 [ACK] Seq=1734985160 Ack=1166105565 Win=7539 Len=0"
"328","192.109917","73.6.91.115","131.243.2.12","FTP","80","Request: PORT 73,6,91,115,150,106"
"329","192.110207","131.243.2.12","73.6.91.115","FTP","84","Response: 200 PORT command successful."
"330","192.480011","73.6.91.115","131.243.2.12","TCP","54","2027  >  21 [ACK] Seq=4190972793 Ack=364766304 Win=16890 Len=0"
"331","192.589556","142.164.6.70","131.243.1.10","FTP","73","Request: CWD tcpdump.tar.Z"
"332","192.589899","131.243.1.10","142.164.6.70","TCP","54","21  >  1313 [ACK] Seq=1166105565 Ack=1734985179 Win=17501 Len=0"
"333","192.591418","131.243.1.10","142.164.6.70","FTP","90","Response: 550 tcpdump.tar.Z: Not a directory"
"334","193.652573","142.164.6.70","131.243.1.10","FTP","75","Request: CWD tcpslice.tar.gz"
"335","193.652940","131.243.1.10","142.164.6.70","TCP","54","21  >  1313 [ACK] Seq=1166105601 Ack=1734985200 Win=17499 Len=0"
"336","193.654506","131.243.1.10","142.164.6.70","FTP","92","Response: 550 tcpslice.tar.gz: Not a directory"
"337","194.166331","73.6.91.115","131.243.2.12","FTP","80","Request: PORT 73,6,91,115,150,106"
"338","194.166633","131.243.2.12","73.6.91.115","FTP","84","Response: 200 PORT command successful."
"339","194.486388","73.6.91.115","131.243.2.12","TCP","54","2027  >  21 [ACK] Seq=4190972819 Ack=364766334 Win=16860 Len=0"
"340","194.781329","142.164.6.70","131.243.1.10","FTP","71","Request: CWD tftpd.tar.Z"
"341","194.781960","131.243.1.10","142.164.6.70","TCP","54","21  >  1313 [ACK] Seq=1166105639 Ack=1734985217 Win=17503 Len=0"
"342","194.783593","131.243.1.10","142.164.6.70","FTP","88","Response: 550 tftpd.tar.Z: Not a directory"
"343","196.240311","73.6.91.115","131.243.2.12","FTP","80","Request: PORT 73,6,91,115,150,106"
"344","196.240599","131.243.2.12","73.6.91.115","FTP","84","Response: 200 PORT command successful."
"345","196.620047","73.6.91.115","131.243.2.12","TCP","54","2027  >  21 [ACK] Seq=4190972845 Ack=364766364 Win=16830 Len=0"
"346","197.905725","142.164.6.70","131.243.1.10","FTP","77","Request: CWD traceroute.tar.gz"
"347","197.906434","131.243.1.10","142.164.6.70","TCP","54","21  >  1313 [ACK] Seq=1166105673 Ack=1734985240 Win=17497 Len=0"
"348","197.908396","131.243.1.10","142.164.6.70","FTP","94","Response: 550 traceroute.tar.gz: Not a directory"
"349","197.933319","142.164.6.70","131.243.1.10","TCP","54","1313  >  21 [ACK] Seq=1734985240 Ack=1166105713 Win=7391 Len=0"
"350","198.282032","73.6.91.115","131.243.2.12","FTP","80","Request: PORT 73,6,91,115,150,106"
"351","198.282339","131.243.2.12","73.6.91.115","FTP","84","Response: 200 PORT command successful."
"352","198.608171","73.6.91.115","131.243.2.12","TCP","54","2027  >  21 [ACK] Seq=4190972871 Ack=364766394 Win=16800 Len=0"
"353","200.270869","73.6.91.115","131.243.2.12","FTP","80","Request: PORT 73,6,91,115,150,106"
"354","200.271184","131.243.2.12","73.6.91.115","FTP","84","Response: 200 PORT command successful."
"355","200.658459","73.6.91.115","131.243.2.12","TCP","54","2027  >  21 [ACK] Seq=4190972897 Ack=364766424 Win=16770 Len=0"
"356","200.672225","142.164.6.70","131.243.1.10","FTP","62","Request: CWD wb"
"357","200.672719","131.243.1.10","142.164.6.70","TCP","54","21  >  1313 [ACK] Seq=1166105713 Ack=1734985248 Win=17512 Len=0"
"358","200.674576","131.243.1.10","142.164.6.70","FTP","83","Response: 250 CWD command successful."
"359","200.693910","142.164.6.70","131.243.1.10","TCP","54","1313  >  21 [ACK] Seq=1734985248 Ack=1166105742 Win=7351 Len=0"
"360","202.236643","142.164.6.70","131.243.1.10","FTP","61","Request: CWD /"
"361","202.237211","131.243.1.10","142.164.6.70","TCP","54","21  >  1313 [ACK] Seq=1166105742 Ack=1734985255 Win=17513 Len=0"
"362","202.238753","131.243.1.10","142.164.6.70","FTP","83","Response: 250 CWD command successful."
"363","202.254929","142.164.6.70","131.243.1.10","TCP","54","1313  >  21 [ACK] Seq=1734985255 Ack=1166105771 Win=7322 Len=0"
"364","202.299565","73.6.91.115","131.243.2.12","FTP","80","Request: PORT 73,6,91,115,150,106"
"365","202.299901","131.243.2.12","73.6.91.115","FTP","84","Response: 200 PORT command successful."
"366","202.633382","73.6.91.115","131.243.2.12","TCP","54","2027  >  21 [ACK] Seq=4190972923 Ack=364766454 Win=16740 Len=0"
"367","204.370837","73.6.91.115","131.243.2.12","FTP","80","Request: PORT 73,6,91,115,150,106"
"368","204.371132","131.243.2.12","73.6.91.115","FTP","84","Response: 200 PORT command successful."
"369","204.764616","73.6.91.115","131.243.2.12","TCP","54","2027  >  21 [ACK] Seq=4190972949 Ack=364766484 Win=16710 Len=0"
"370","206.338153","142.164.6.70","131.243.1.10","TCP","54","1313  >  21 [FIN, ACK] Seq=1734985255 Ack=1166105771 Win=8760 Len=0"
"371","206.338870","131.243.1.10","142.164.6.70","TCP","54","21  >  1313 [ACK] Seq=1166105771 Ack=1734985256 Win=17520 Len=0"
"372","206.339715","131.243.1.10","142.164.6.70","TCP","54","21  >  1313 [FIN, ACK] Seq=1166105771 Ack=1734985256 Win=17520 Len=0"
"373","206.357245","73.6.91.115","131.243.2.12","FTP","80","Request: PORT 73,6,91,115,150,106"
"374","206.357574","131.243.2.12","73.6.91.115","FTP","84","Response: 200 PORT command successful."
"375","206.710026","73.6.91.115","131.243.2.12","TCP","54","2027  >  21 [ACK] Seq=4190972975 Ack=364766514 Win=16680 Len=0"
"376","208.423705","73.6.91.115","131.243.2.12","FTP","80","Request: PORT 73,6,91,115,150,106"
"377","208.424030","131.243.2.12","73.6.91.115","FTP","84","Response: 200 PORT command successful."
"378","208.740724","73.6.91.115","131.243.2.12","TCP","54","2027  >  21 [ACK] Seq=4190973001 Ack=364766544 Win=16650 Len=0"
"379","209.070088","142.164.6.70","131.243.1.10","TCP","54","1313  >  21 [ACK] Seq=1734985256 Ack=1166105772 Win=8760 Len=0"
"380","210.450931","73.6.91.115","131.243.2.12","FTP","80","Request: PORT 73,6,91,115,150,106"
"381","210.451236","131.243.2.12","73.6.91.115","FTP","84","Response: 200 PORT command successful."
"382","210.823392","73.6.91.115","131.243.2.12","TCP","54","2027  >  21 [ACK] Seq=4190973027 Ack=364766574 Win=16620 Len=0"
"383","212.529903","73.6.91.115","131.243.2.12","FTP","80","Request: PORT 73,6,91,115,150,106"
"384","212.530192","131.243.2.12","73.6.91.115","FTP","84","Response: 200 PORT command successful."
"385","212.885186","73.6.91.115","131.243.2.12","TCP","54","2027  >  21 [ACK] Seq=4190973053 Ack=364766604 Win=16590 Len=0"
"386","214.587190","73.6.91.115","131.243.2.12","FTP","80","Request: PORT 73,6,91,115,150,106"
"387","214.587449","131.243.2.12","73.6.91.115","FTP","84","Response: 200 PORT command successful."
"388","214.877069","73.6.91.115","131.243.2.12","TCP","54","2027  >  21 [ACK] Seq=4190973079 Ack=364766634 Win=16560 Len=0"
"389","216.636266","73.6.91.115","131.243.2.12","FTP","80","Request: PORT 73,6,91,115,150,106"
"390","216.636562","131.243.2.12","73.6.91.115","FTP","84","Response: 200 PORT command successful."
"391","216.990797","73.6.91.115","131.243.2.12","TCP","54","2027  >  21 [ACK] Seq=4190973105 Ack=364766664 Win=16530 Len=0"
"392","218.691668","73.6.91.115","131.243.2.12","FTP","80","Request: PORT 73,6,91,115,150,106"
"393","218.691959","131.243.2.12","73.6.91.115","FTP","84","Response: 200 PORT command successful."
"394","219.075071","73.6.91.115","131.243.2.12","TCP","54","2027  >  21 [ACK] Seq=4190973131 Ack=364766694 Win=16500 Len=0"
"395","220.747213","73.6.91.115","131.243.2.12","FTP","80","Request: PORT 73,6,91,115,150,106"
"396","220.747489","131.243.2.12","73.6.91.115","FTP","84","Response: 200 PORT command successful."
"397","221.118362","73.6.91.115","131.243.2.12","TCP","54","2027  >  21 [ACK] Seq=4190973157 Ack=364766724 Win=16470 Len=0"
"398","222.750551","73.6.91.115","131.243.2.12","FTP","80","Request: PORT 73,6,91,115,150,106"
"399","222.750893","131.243.2.12","73.6.91.115","FTP","84","Response: 200 PORT command successful."
"400","222.785014","82.143.24.12","131.243.2.12","TCP","62","3537  >  21 [SYN] Seq=2986625670 Win=16384 Len=0 MSS=1460 SACK_PERM=1"
"401","222.785373","131.243.2.12","82.143.24.12","TCP","62","21  >  3537 [SYN, ACK] Seq=380005575 Ack=2986625671 Win=64240 Len=0 SACK_PERM=1 MSS=1460"
"402","222.965805","82.143.24.12","131.243.2.12","TCP","54","3537  >  21 [ACK] Seq=2986625671 Ack=380005576 Win=17520 Len=0"
"403","222.999902","131.243.2.12","82.143.24.12","FTP","137","Response: 220 <domain> FTP server (Version wu-2.6.2(1) Fri Nov 30 16:58:35 PST 2001) ready."
"404","223.102663","73.6.91.115","131.243.2.12","TCP","54","2027  >  21 [ACK] Seq=4190973183 Ack=364766754 Win=16440 Len=0"
"405","223.180794","82.143.24.12","131.243.2.12","FTP","70","Request: USER anonymous"
"406","223.181039","131.243.2.12","82.143.24.12","TCP","54","21  >  3537 [ACK] Seq=380005659 Ack=2986625687 Win=64240 Len=0"
"407","223.183705","131.243.2.12","82.143.24.12","FTP","122","Response: 331 Guest login ok, send your complete e-mail address as password."
"408","223.364433","82.143.24.12","131.243.2.12","FTP","71","Request: PASS <password>"
"409","223.368419","131.243.2.12","82.143.24.12","FTP","120","Response: 230-The Lawrence Berkeley National Laboratory is operated by the"
"410","223.652358","82.143.24.12","131.243.2.12","TCP","54","3537  >  21 [ACK] Seq=2986625704 Ack=380005793 Win=17297 Len=0"
"411","223.652847","131.243.2.12","82.143.24.12","FTP","1495","Response: 230-University of California for the United States Department of"
"412","223.953603","82.143.24.12","131.243.2.12","TCP","54","3537  >  21 [ACK] Seq=2986625704 Ack=380007234 Win=17520 Len=0"
"413","224.785491","82.143.24.12","131.243.2.12","FTP","81","Request: PORT 82,143,24,12,195,130"
"414","224.785871","131.243.2.12","82.143.24.12","FTP","84","Response: 200 PORT command successful."
"415","224.791905","73.6.91.115","131.243.2.12","FTP","80","Request: PORT 73,6,91,115,150,106"
"416","224.792213","131.243.2.12","73.6.91.115","FTP","84","Response: 200 PORT command successful."
"417","225.104356","73.6.91.115","131.243.2.12","TCP","54","2027  >  21 [ACK] Seq=4190973209 Ack=364766784 Win=16410 Len=0"
"418","225.156375","82.143.24.12","131.243.2.12","TCP","54","3537  >  21 [ACK] Seq=2986625731 Ack=380007264 Win=17490 Len=0"
"419","226.846909","73.6.91.115","131.243.2.12","FTP","80","Request: PORT 73,6,91,115,150,106"
"420","226.847240","131.243.2.12","73.6.91.115","FTP","84","Response: 200 PORT command successful."
"421","227.144070","73.6.91.115","131.243.2.12","TCP","54","2027  >  21 [ACK] Seq=4190973235 Ack=364766814 Win=16380 Len=0"
"422","227.450116","82.143.24.12","131.243.2.12","FTP","79","Request: PORT 82,143,24,12,66,11"
"423","227.450472","131.243.2.12","82.143.24.12","FTP","84","Response: 200 PORT command successful."
"424","227.764850","82.143.24.12","131.243.2.12","TCP","54","3537  >  21 [ACK] Seq=2986625756 Ack=380007294 Win=17460 Len=0"
"425","228.808053","73.6.91.115","131.243.2.12","FTP","80","Request: PORT 73,6,91,115,150,106"
"426","228.808385","131.243.2.12","73.6.91.115","FTP","84","Response: 200 PORT command successful."
"427","229.124354","73.6.91.115","131.243.2.12","TCP","54","2027  >  21 [ACK] Seq=4190973261 Ack=364766844 Win=16350 Len=0"
"428","230.117446","82.143.24.12","131.243.2.12","FTP","81","Request: PORT 82,143,24,12,217,236"
"429","230.117790","131.243.2.12","82.143.24.12","FTP","84","Response: 200 PORT command successful."
"430","230.473428","82.143.24.12","131.243.2.12","TCP","54","3537  >  21 [ACK] Seq=2986625783 Ack=380007324 Win=17430 Len=0"
"431","230.841770","73.6.91.115","131.243.2.12","FTP","80","Request: PORT 73,6,91,115,150,106"
"432","230.842110","131.243.2.12","73.6.91.115","FTP","84","Response: 200 PORT command successful."
"433","231.139795","73.6.91.115","131.243.2.12","TCP","54","2027  >  21 [ACK] Seq=4190973287 Ack=364766874 Win=16320 Len=0"
"434","232.453935","82.143.24.12","131.243.2.12","FTP","79","Request: PORT 82,143,24,12,66,11"
"435","232.454235","131.243.2.12","82.143.24.12","FTP","84","Response: 200 PORT command successful."
"436","232.782020","82.143.24.12","131.243.2.12","TCP","54","3537  >  21 [ACK] Seq=2986625808 Ack=380007354 Win=17400 Len=0"
"437","232.926796","73.6.91.115","131.243.2.12","FTP","80","Request: PORT 73,6,91,115,150,106"
"438","232.927104","131.243.2.12","73.6.91.115","FTP","84","Response: 200 PORT command successful."
"439","233.265301","73.6.91.115","131.243.2.12","TCP","54","2027  >  21 [ACK] Seq=4190973313 Ack=364766904 Win=16290 Len=0"
"440","234.786493","82.143.24.12","131.243.2.12","FTP","79","Request: PORT 82,143,24,12,66,11"
"441","234.786840","131.243.2.12","82.143.24.12","FTP","84","Response: 200 PORT command successful."
"442","234.912079","73.6.91.115","131.243.2.12","FTP","80","Request: PORT 73,6,91,115,150,106"
"443","234.912361","131.243.2.12","73.6.91.115","FTP","84","Response: 200 PORT command successful."
"444","235.088889","82.143.24.12","131.243.2.12","TCP","54","3537  >  21 [ACK] Seq=2986625833 Ack=380007384 Win=17370 Len=0"
"445","235.223321","73.6.91.115","131.243.2.12","TCP","54","2027  >  21 [ACK] Seq=4190973339 Ack=364766934 Win=16260 Len=0"
"446","236.968908","73.6.91.115","131.243.2.12","FTP","80","Request: PORT 73,6,91,115,150,106"
"447","236.969218","131.243.2.12","73.6.91.115","FTP","84","Response: 200 PORT command successful."
"448","237.045639","82.143.24.12","131.243.2.12","FTP","79","Request: PORT 82,143,24,12,66,11"
"449","237.045976","131.243.2.12","82.143.24.12","FTP","84","Response: 200 PORT command successful."
"450","237.303895","73.6.91.115","131.243.2.12","TCP","54","2027  >  21 [ACK] Seq=4190973365 Ack=364766964 Win=16230 Len=0"
"451","237.395956","82.143.24.12","131.243.2.12","TCP","54","3537  >  21 [ACK] Seq=2986625858 Ack=380007414 Win=17340 Len=0"
"452","239.016416","73.6.91.115","131.243.2.12","FTP","80","Request: PORT 73,6,91,115,150,106"
"453","239.016728","131.243.2.12","73.6.91.115","FTP","84","Response: 200 PORT command successful."
"454","239.047464","82.143.24.12","131.243.2.12","FTP","79","Request: PORT 82,143,24,12,66,11"
"455","239.047740","131.243.2.12","82.143.24.12","FTP","84","Response: 200 PORT command successful."
"456","239.379687","73.6.91.115","131.243.2.12","TCP","54","2027  >  21 [ACK] Seq=4190973391 Ack=364766994 Win=16200 Len=0"
"457","239.402346","82.143.24.12","131.243.2.12","TCP","54","3537  >  21 [ACK] Seq=2986625883 Ack=380007444 Win=17310 Len=0"
"458","241.051057","82.143.24.12","131.243.2.12","FTP","79","Request: PORT 82,143,24,12,66,11"
"459","241.051422","131.243.2.12","82.143.24.12","FTP","84","Response: 200 PORT command successful."
"460","241.089471","73.6.91.115","131.243.2.12","FTP","80","Request: PORT 73,6,91,115,150,106"
"461","241.089765","131.243.2.12","73.6.91.115","FTP","84","Response: 200 PORT command successful."
"462","241.408841","82.143.24.12","131.243.2.12","TCP","54","3537  >  21 [ACK] Seq=2986625908 Ack=380007474 Win=17280 Len=0"
"463","241.417554","73.6.91.115","131.243.2.12","TCP","54","2027  >  21 [ACK] Seq=4190973417 Ack=364767024 Win=16170 Len=0"
"464","243.152165","73.6.91.115","131.243.2.12","FTP","80","Request: PORT 73,6,91,115,150,106"
"465","243.152478","131.243.2.12","73.6.91.115","FTP","84","Response: 200 PORT command successful."
"466","243.381012","82.143.24.12","131.243.2.12","FTP","79","Request: PORT 82,143,24,12,66,11"
"467","243.381305","131.243.2.12","82.143.24.12","FTP","84","Response: 200 PORT command successful."
"468","243.519081","73.6.91.115","131.243.2.12","TCP","54","2027  >  21 [ACK] Seq=4190973443 Ack=364767054 Win=16140 Len=0"
"469","243.716145","82.143.24.12","131.243.2.12","TCP","54","3537  >  21 [ACK] Seq=2986625933 Ack=380007504 Win=17250 Len=0"
"470","245.197420","73.6.91.115","131.243.2.12","FTP","80","Request: PORT 73,6,91,115,150,106"
"471","245.197704","131.243.2.12","73.6.91.115","FTP","84","Response: 200 PORT command successful."
"472","245.572747","73.6.91.115","131.243.2.12","TCP","54","2027  >  21 [ACK] Seq=4190973469 Ack=364767084 Win=16110 Len=0"
"473","245.716065","82.143.24.12","131.243.2.12","FTP","79","Request: PORT 82,143,24,12,66,11"
"474","245.716458","131.243.2.12","82.143.24.12","FTP","84","Response: 200 PORT command successful."
"475","246.023807","82.143.24.12","131.243.2.12","TCP","54","3537  >  21 [ACK] Seq=2986625958 Ack=380007534 Win=17220 Len=0"
"476","247.200412","73.6.91.115","131.243.2.12","FTP","80","Request: PORT 73,6,91,115,150,106"
"477","247.200707","131.243.2.12","73.6.91.115","FTP","84","Response: 200 PORT command successful."
"478","247.501014","73.6.91.115","131.243.2.12","TCP","54","2027  >  21 [ACK] Seq=4190973495 Ack=364767114 Win=16080 Len=0"
"479","249.229458","73.6.91.115","131.243.2.12","FTP","80","Request: PORT 73,6,91,115,150,106"
"480","249.229790","131.243.2.12","73.6.91.115","FTP","84","Response: 200 PORT command successful."
"481","249.529130","73.6.91.115","131.243.2.12","TCP","54","2027  >  21 [ACK] Seq=4190973521 Ack=364767144 Win=17520 Len=0"
"482","251.298312","73.6.91.115","131.243.2.12","FTP","80","Request: PORT 73,6,91,115,150,106"
"483","251.298572","131.243.2.12","73.6.91.115","FTP","84","Response: 200 PORT command successful."
"484","251.604180","73.6.91.115","131.243.2.12","TCP","54","2027  >  21 [ACK] Seq=4190973547 Ack=364767174 Win=17490 Len=0"
"485","251.651531","79.37.53.67","131.243.2.12","TCP","62","35280  >  21 [SYN] Seq=4133316359 Win=16384 Len=0 MSS=1460 SACK_PERM=1"
"486","251.651806","131.243.2.12","79.37.53.67","TCP","62","21  >  35280 [SYN, ACK] Seq=383706134 Ack=4133316360 Win=64240 Len=0 SACK_PERM=1 MSS=1460"
"487","251.830180","79.37.53.67","131.243.2.12","TCP","54","35280  >  21 [ACK] Seq=4133316360 Ack=383706135 Win=17520 Len=0"
"488","251.860465","131.243.2.12","79.37.53.67","FTP","137","Response: 220 <domain> FTP server (Version wu-2.6.2(1) Fri Nov 30 16:58:35 PST 2001) ready."
"489","252.039456","79.37.53.67","131.243.2.12","FTP","70","Request: USER anonymous"
"490","252.039675","131.243.2.12","79.37.53.67","TCP","54","21  >  35280 [ACK] Seq=383706218 Ack=4133316376 Win=64240 Len=0"
"491","252.042449","131.243.2.12","79.37.53.67","FTP","122","Response: 331 Guest login ok, send your complete e-mail address as password."
"492","252.221284","79.37.53.67","131.243.2.12","FTP","71","Request: PASS <password>"
"493","252.224766","131.243.2.12","79.37.53.67","FTP","120","Response: 230-The Lawrence Berkeley National Laboratory is operated by the"
"494","252.545786","79.37.53.67","131.243.2.12","TCP","54","35280  >  21 [ACK] Seq=4133316393 Ack=383706352 Win=17297 Len=0"
"495","252.546292","131.243.2.12","79.37.53.67","FTP","1495","Response: 230-University of California for the United States Department of"
"496","252.728494","79.37.53.67","131.243.2.12","FTP","60","Request: STAT"
"497","252.728773","131.243.2.12","79.37.53.67","FTP","87","Response: 211-<domain> FTP server status:"
"498","253.092407","79.37.53.67","131.243.2.12","TCP","54","35280  >  21 [ACK] Seq=4133316399 Ack=383707826 Win=17481 Len=0"
"499","253.092743","131.243.2.12","79.37.53.67","FTP","545","Response:      Version wu-2.6.2(1) Fri Nov 30 16:58:35 PST 2001"
"500","253.310813","79.37.53.67","131.243.2.12","FTP","76","Request: PORT 79,37,53,67,0,0"